Nama,Simbol,Peringkat,Mata Uang,Harga,Market Cap,Perubahan 24j,Update Terakhir
Bitcoin,BTC,1,USD,85918.50210027104,1725952607571.2761,0.05890111,2026-09-23 16:31:00
Ethereum,ETH,2,USD,2739.0537926063203,334365591404.5517,0.03566432,2026-09-23 16:31:00
Tether USDt,USDT,3,USD,0.9998170413034848,183436549342.58224,0.01798106,2026-09-23 16:31:00
BNB,BNB,4,USD,787.2929598903763,104835934821.8762,0.1067835,2026-09-23 16:32:00
XRP,XRP,5,USD,1.600113736520616,100613887420.94731,4.02399087,2026-09-23 16:32:00
USDC,USDC,6,USD,0.9999211372731746,75175220813.37018,-0.00127806,2026-09-23 16:32:00
Solana,SOL,7,USD,117.51906162356387,69043259729.14154,0.34759141,2026-09-23 16:32:00
TRON,TRX,8,USD,0.3428964545366487,32562569200.46604,-1.6375014,2026-09-23 16:32:00
Zcash,ZEC,9,USD,1610.6763667774023,27192773739.948715,7.76101774,2026-09-23 16:31:00
Hyperliquid,HYPE,10,USD,96.00664225611324,24129773902.928444,1.06565227,2026-09-23 16:32:00
Dogecoin,DOGE,11,USD,0.1000853747777967,15616597901.129536,1.71804686,2026-09-23 16:31:00
Monero,XMR,12,USD,569.0474242488003,10702845912.28877,0.19591329,2026-09-23 16:32:00
Chainlink,LINK,13,USD,12.960761321095882,9695945160.99581,0.21640926,2026-09-23 16:32:00
Cardano,ADA,14,USD,0.25496848853984966,9374521793.782465,2.68179931,2026-09-23 16:32:00
UNUS SED LEO,LEO,15,USD,8.986431434550592,8266239515.632343,0.21338534,2026-09-23 16:31:00
Stellar,XLM,16,USD,0.2174296875132036,7595411782.83935,2.53067946,2026-09-23 16:31:00
Bitcoin Cash,BCH,17,USD,358.07281743415626,7194844400.953752,33.71818604,2026-09-23 16:31:00
Uniswap,UNI,18,USD,10.219336385516847,6342860271.870117,16.03058815,2026-09-23 16:32:00
NEAR Protocol,NEAR,19,USD,4.595355851104152,6006503433.293182,1.14076618,2026-09-23 16:31:00
Avalanche,AVAX,20,USD,11.080095007647742,4907763677.192735,1.7452178,2026-09-23 16:32:00
Ethena USDe,USDe,21,USD,0.9998307506632231,4893564597.620534,0.01873801,2026-09-23 16:32:00
Litecoin,LTC,22,USD,62.867367352029866,4881104410.957761,3.93186364,2026-09-23 16:32:00
Dai,DAI,23,USD,0.9994694778447701,4612083046.422804,-0.04826745,2026-09-23 16:31:00
Canton,CC,24,USD,0.11309353116454979,4485902624.709566,-3.49668483,2026-09-23 16:32:00
World Liberty Financial USD,USD1,25,USD,0.9994293637440327,4370965279.591975,0.00624654,2026-09-23 16:31:00
Hedera,HBAR,26,USD,0.09773608378956028,4283939329.3020873,2.67402565,2026-09-23 16:31:00
Sui,SUI,27,USD,1.0230211066706933,4190843965.1719365,0.7045703,2026-09-23 16:31:00
Gram (prev. Toncoin),GRAM,28,USD,1.4515009821080762,4080862439.613232,1.56734249,2026-09-23 16:32:00
Shiba Inu,SHIB,29,USD,6.121293279588413e-06,3606904535.6788063,1.1555479,2026-09-23 16:32:00
Bittensor,TAO,30,USD,310.20015105718363,3580765551.4230733,-2.62561292,2026-09-23 16:31:00
Cronos,CRO,31,USD,0.06712912032253104,3338914857.1767373,1.40306953,2026-09-23 16:31:00
Global Dollar,USDG,32,USD,0.9998067532919136,3268016234.601879,-0.03746688,2026-09-23 16:32:00
MemeCore,M,33,USD,1.276291462458015,2907088664.291895,-4.27857918,2026-09-23 16:32:00
PayPal USD,PYUSD,34,USD,0.9997744447078447,2824300439.078883,-1.769e-05,2026-09-23 16:31:00
Tether Gold,XAUt,35,USD,4320.782691539523,2691085687.98717,0.06986392,2026-09-23 16:32:00
OKB,OKB,36,USD,124.11610657551498,2606438238.0858145,0.9653873,2026-09-23 16:31:00
Ripple USD,RLUSD,37,USD,1.0000276723008352,2426653361.8309193,-0.00065943,2026-09-23 16:32:00
Aave,AAVE,38,USD,149.94685296339594,2313519049.3091865,6.00163287,2026-09-23 16:31:00
Mantle,MNT,39,USD,0.6803160516073787,2246603875.5726895,5.20180823,2026-09-23 16:32:00
Ethena,ENA,40,USD,0.2138677549790306,2159061820.1867447,1.49217342,2026-09-23 16:31:00
Ondo,ONDO,41,USD,0.43816185334443275,2133554940.836366,0.97118632,2026-09-23 16:31:00
Pump.fun,PUMP,42,USD,0.004350669335673309,2031400553.6903605,-3.68127026,2026-09-23 16:31:00
Pepe,PEPE,43,USD,4.904413051193972e-06,2029310538.614695,-1.19832569,2026-09-23 16:32:00
Polkadot,DOT,44,USD,1.1684620063326192,1991159792.5643456,-0.32036071,2026-09-23 16:32:00
Aster,ASTER,45,USD,0.726129493706959,1963838342.4165642,0.14423132,2026-09-23 16:32:00
PAX Gold,PAXG,46,USD,4317.029175096454,1877491631.173028,0.03025138,2026-09-23 16:31:00
World Liberty Financial,WLFI,47,USD,0.05813106454758863,1847277256.1906826,1.05784454,2026-09-23 16:32:00
Internet Computer,ICP,48,USD,3.077026409428768,1713619429.464243,4.43649253,2026-09-23 16:31:00
Sky,SKY,49,USD,0.07307370623615916,1711694671.6923907,7.8108326,2026-09-23 16:32:00
Worldcoin,WLD,50,USD,0.45662705137314324,1665940573.7889593,1.92774111,2026-09-23 16:31:00
Arbitrum,ARB,51,USD,0.241377575984712,1637885549.8183196,10.32469325,2026-09-23 16:31:00
Venice Token,VVV,52,USD,31.60874896684028,1530555179.2770154,0.06446628,2026-09-23 16:32:00
USDD,USDD,53,USD,0.999044415407717,1514537655.8410077,-0.06637302,2026-09-23 16:32:00
Ethereum Classic,ETC,54,USD,9.505521574239138,1504318834.9007406,8.6026617,2026-09-23 16:31:00
Bitget Token,BGB,55,USD,2.108146086262377,1471611053.7906044,0.48742823,2026-09-23 16:31:00
United Stables,U,56,USD,0.9990927224821282,1418141191.7730079,-0.03915622,2026-09-23 16:31:00
Morpho,MORPHO,57,USD,2.5985030476310125,1374614969.541466,-0.38059396,2026-09-23 16:32:00
Lighter,LIT,58,USD,5.29971466631416,1324928666.57854,10.27161438,2026-09-23 16:32:00
Polygon (prev. MATIC),POL,59,USD,0.10978294838027232,1176800382.0360825,0.3782802,2026-09-23 16:32:00
GateToken,GT,60,USD,11.000663337707154,1173087470.8300653,1.7296393,2026-09-23 16:32:00
Kaspa,KAS,61,USD,0.0419454181642126,1162581604.531541,-0.82187109,2026-09-23 16:32:00
Pi,PI,62,USD,0.09105602496668135,1023744933.3981313,1.76294256,2026-09-23 16:31:00
Algorand,ALGO,63,USD,0.11127731209153119,1007694208.4578204,0.85385147,2026-09-23 16:32:00
KuCoin Token,KCS,64,USD,7.328941068754602,1005201068.225815,-0.83093216,2026-09-23 16:31:00
Jupiter,JUP,65,USD,0.2991725408699209,993064118.9567406,0.67744631,2026-09-23 16:31:00
Cosmos,ATOM,66,USD,1.820824556833128,968764175.4485266,3.0259221,2026-09-23 16:32:00
Render,RENDER,67,USD,1.833996775814537,951433953.8816406,1.0463436,2026-09-23 16:32:00
JUST,JST,68,USD,0.1124535019658326,920852831.1349535,-2.61064936,2026-09-23 16:31:00
Quant,QNT,69,USD,75.45433739771065,910940446.3661624,12.07299132,2026-09-23 16:31:00
Filecoin,FIL,70,USD,1.035078702147811,859920800.3271205,5.52837858,2026-09-23 16:32:00
VeChain,VET,71,USD,0.009750414387934307,838389782.6393447,7.39113469,2026-09-23 16:31:00
PancakeSwap,CAKE,72,USD,2.6268747218176047,837961639.7372781,4.55136319,2026-09-23 16:31:00
Injective,INJ,73,USD,8.152264432115341,814989656.614971,6.09921139,2026-09-23 16:32:00
Dash,DASH,74,USD,62.75851584936452,805893267.9302318,6.06300605,2026-09-23 16:31:00
Aptos,APT,75,USD,0.832102548962857,724486946.1892146,9.32138328,2026-09-23 16:32:00
Aerodrome Finance,AERO,76,USD,0.7238237204401765,718489650.2945819,2.04885795,2026-09-23 16:31:00
Pudgy Penguins,PENGU,77,USD,0.01106203895618252,695364150.3490858,21.35554392,2026-09-23 16:32:00
ether.fi,ETHFI,78,USD,0.7088195170098514,684258920.74546,1.5187804,2026-09-23 16:32:00
Stable,STABLE,79,USD,0.0253771071234162,674371470.9599493,4.36777652,2026-09-23 16:32:00
XDC Network,XDC,80,USD,0.03136108114229876,673565578.6459041,1.54014372,2026-09-23 16:32:00
Bitcoin,BTC,1,IDR,1530184519.4373589,3.073873376314108e+16,0.05890111,2026-09-23 16:32:00
Ethereum,ETH,2,IDR,48781782.839521304,5954957771524606.0,0.03566432,2026-09-23 16:32:00
Tether USDt,USDT,3,IDR,17806.462187699482,3266953697300794.5,0.01798106,2026-09-23 16:32:00
BNB,BNB,4,IDR,14021467.670378193,1867098711264344.2,0.1067835,2026-09-23 16:32:00
XRP,XRP,5,IDR,28497.578625211987,1791905226563081.5,4.02399087,2026-09-23 16:32:00
USDC,USDC,6,IDR,17808.316107838466,1338849681057711.2,-0.00127806,2026-09-23 16:32:00
Solana,SOL,7,IDR,2092981.6563295876,1229641167227610.8,0.34759141,2026-09-23 16:32:00
TRON,TRX,8,IDR,6106.890060648308,579930260486974.8,-1.6375014,2026-09-23 16:32:00
Zcash,ZEC,9,IDR,28685696.119213596,484295703489702.6,7.76101774,2026-09-23 16:32:00
Hyperliquid,HYPE,10,IDR,1709851.477298993,429744532099660.56,1.06565227,2026-09-23 16:32:00
Dogecoin,DOGE,11,IDR,1782.492564038633,278127245825331.75,1.71804686,2026-09-23 16:32:00
Monero,XMR,12,IDR,10134575.651645007,190614695654197.5,0.19591329,2026-09-23 16:32:00
Chainlink,LINK,13,IDR,230827.53829341778,172682074570554.6,0.21640926,2026-09-23 16:32:00
Cardano,ADA,14,IDR,4540.917550595762,166957614196218.8,2.68179931,2026-09-23 16:32:00
UNUS SED LEO,LEO,15,IDR,160045.8333187258,147219416442108.56,0.21338534,2026-09-23 16:32:00
Stellar,XLM,16,IDR,3872.361991489572,135272161929557.4,2.53067946,2026-09-23 16:32:00
Bitcoin Cash,BCH,17,IDR,6377176.844047157,128138168764295.27,33.71818604,2026-09-23 16:32:00
Uniswap,UNI,18,IDR,182003.52605997634,112964569443294.23,16.03058815,2026-09-23 16:32:00
NEAR Protocol,NEAR,19,IDR,81842.00390806486,106974148115922.28,1.14076618,2026-09-23 16:32:00
Avalanche,AVAX,20,IDR,197333.39665082746,87405900013631.62,1.7452178,2026-09-23 16:32:00
Ethena USDe,USDe,21,IDR,17806.70634756645,87153018373233.8,0.01873801,2026-09-23 16:32:00
Litecoin,LTC,22,IDR,1119650.2493443056,86931105929760.05,3.93186364,2026-09-23 16:32:00
Dai,DAI,23,IDR,17800.27217959824,82139910583629.75,-0.04826745,2026-09-23 16:32:00
Canton,CC,24,IDR,2014.164195210692,79892672523818.83,-3.49668483,2026-09-23 16:32:00
World Liberty Financial USD,USD1,25,IDR,17799.557758670744,77845670517208.97,0.00624654,2026-09-23 16:32:00
Hedera,HBAR,26,IDR,1740.6523478572835,76295762654901.27,2.67402565,2026-09-23 16:32:00
Sui,SUI,27,IDR,18219.720109392263,74637760227704.72,0.7045703,2026-09-23 16:32:00
Gram (prev. Toncoin),GRAM,28,IDR,25850.826986925487,72679019982936.16,1.56734249,2026-09-23 16:32:00
Shiba Inu,SHIB,29,IDR,0.10901852320971249,64237962123023.24,1.1555479,2026-09-23 16:32:00
Bittensor,TAO,30,IDR,5524578.030013575,63772434115851.27,-2.62561292,2026-09-23 16:32:00
Cronos,CRO,31,IDR,1195.550879147144,59465140816917.54,1.40306953,2026-09-23 16:32:00
Global Dollar,USDG,32,IDR,17806.27896108755,58202456155738.63,-0.03746688,2026-09-23 16:32:00
MemeCore,M,33,IDR,22730.3943900712,51774436960502.52,-4.27857918,2026-09-23 16:32:00
PayPal USD,PYUSD,34,IDR,17805.703554231302,50300001797924.836,-1.769e-05,2026-09-23 16:32:00
Tether Gold,XAUt,35,IDR,76951932.64345568,47927484297057.04,0.06986392,2026-09-23 16:32:00
OKB,OKB,36,IDR,2210473.183913797,46419936862189.74,0.9653873,2026-09-23 16:32:00
Ripple USD,RLUSD,37,IDR,17810.213466918514,43218018442416.29,-0.00065943,2026-09-23 16:32:00
Aave,AAVE,38,IDR,2670511.5607714313,41203127942627.21,6.00163287,2026-09-23 16:32:00
Mantle,MNT,39,IDR,12116.238819892953,40011387392407.29,5.20180823,2026-09-23 16:32:00
Ethena,ENA,40,IDR,3808.9249681495826,38452287842522.586,1.49217342,2026-09-23 16:32:00
Ondo,ONDO,41,IDR,7803.540199213019,37998017447124.44,0.97118632,2026-09-23 16:32:00
Pump.fun,PUMP,42,IDR,77.48420542607568,36178676350825.984,-3.68127026,2026-09-23 16:32:00
Pepe,PEPE,43,IDR,0.08734622630065479,36141453766213.87,-1.19832569,2026-09-23 16:32:00
Polkadot,DOT,44,IDR,20809.98190068831,35461999637194.01,-0.32036071,2026-09-23 16:32:00
Aster,ASTER,45,IDR,12932.163424829663,34975412242829.008,0.14423132,2026-09-23 16:32:00
PAX Gold,PAXG,46,IDR,76885083.56422086,33437601438178.47,0.03025138,2026-09-23 16:32:00
World Liberty Financial,WLFI,47,IDR,1035.2980195735208,32899491860703.484,1.05784454,2026-09-23 16:32:00
Internet Computer,ICP,48,IDR,54800.980726047455,30519083306562.81,4.43649253,2026-09-23 16:32:00
Sky,SKY,49,IDR,1301.422293535669,30484803908363.83,7.8108326,2026-09-23 16:32:00
Worldcoin,WLD,50,IDR,8132.400217499918,29669936206981.598,1.92774111,2026-09-23 16:32:00
Arbitrum,ARB,51,IDR,4298.867194868798,29170284067769.3,10.32469325,2026-09-23 16:32:00
Venice Token,VVV,52,IDR,562942.988593932,27258760153210.027,0.06446628,2026-09-23 16:32:00
USDD,USDD,53,IDR,17792.7019363436,26973492535614.69,-0.06637302,2026-09-23 16:32:00
Ethereum Classic,ETC,54,IDR,169290.68368887075,26791498189490.617,8.6026617,2026-09-23 16:32:00
Bitget Token,BGB,55,IDR,37545.49284560872,26208981745460.125,0.48742823,2026-09-23 16:32:00
United Stables,U,56,IDR,17793.562271843366,25256698440750.145,-0.03915622,2026-09-23 16:32:00
Morpho,MORPHO,57,IDR,46278.613337036164,24481508582684.8,-0.38059396,2026-09-23 16:32:00
Lighter,LIT,58,IDR,94386.43763091713,23596609407729.28,10.27161438,2026-09-23 16:32:00
Polygon (prev. MATIC),POL,59,IDR,1955.203640697007,20958486042483.074,0.3782802,2026-09-23 16:32:00
GateToken,GT,60,IDR,195918.74079993405,20892360131176.3,1.7296393,2026-09-23 16:32:00
Kaspa,KAS,61,IDR,747.0361792539006,20705253587413.25,-0.82187109,2026-09-23 16:32:00
Pi,PI,62,IDR,1621.6823664233539,18232611261193.164,1.76294256,2026-09-23 16:32:00
Algorand,ALGO,63,IDR,1981.817840915589,17946752334081.664,0.85385147,2026-09-23 16:32:00
KuCoin Token,KCS,64,IDR,130526.39295537259,17902350203055.812,-0.83093216,2026-09-23 16:32:00
Jupiter,JUP,65,IDR,5328.179373351171,17686194527261.324,0.67744631,2026-09-23 16:32:00
Cosmos,ATOM,66,IDR,32428.37667521036,17253419322031.645,3.0259221,2026-09-23 16:32:00
Render,RENDER,67,IDR,32662.970215359233,16944772917452.566,1.0463436,2026-09-23 16:32:00
JUST,JST,68,IDR,2002.7654539858745,16400131664752.625,-2.61064936,2026-09-23 16:32:00
Quant,QNT,69,IDR,1343820.669448286,16223594861233.762,12.07299132,2026-09-23 16:32:00
Filecoin,FIL,70,IDR,18434.462516320997,15314949218587.377,5.52837858,2026-09-23 16:32:00
VeChain,VET,71,IDR,173.65215628531425,14931487808667.584,7.39113469,2026-09-23 16:32:00
PancakeSwap,CAKE,72,IDR,46783.90492813232,14923862703191.646,4.55136319,2026-09-23 16:32:00
Injective,INJ,73,IDR,145189.55204577913,14514738101443.967,6.09921139,2026-09-23 16:32:00
Dash,DASH,74,IDR,1117711.6344915745,14352733960218.03,6.06300605,2026-09-23 16:32:00
Aptos,APT,75,IDR,14819.513933347704,12902910112415.54,9.32138328,2026-09-23 16:32:00
Aerodrome Finance,AERO,76,IDR,12891.098247109903,12796099947990.86,2.04885795,2026-09-23 16:32:00
Pudgy Penguins,PENGU,77,IDR,197.01182341853342,12384241254510.03,21.35554392,2026-09-23 16:32:00
ether.fi,ETHFI,78,IDR,12623.87757572555,12186460217726.66,1.5187804,2026-09-23 16:32:00
Stable,STABLE,79,IDR,451.9591882902774,12010367499293.953,4.36777652,2026-09-23 16:32:00
XDC Network,XDC,80,IDR,558.5320938295671,11996014782322.162,1.54014372,2026-09-23 16:32:00
Bitcoin,BTC,1,EUR,75277.9252076628,1512202006886.608,0.05890111,2026-09-23 16:32:00
Ethereum,ETH,2,EUR,2399.835675660985,292956084737.0543,0.03566432,2026-09-23 16:32:00
Tether USDt,USDT,3,EUR,0.8759946998232527,160718849889.2498,0.01798106,2026-09-23 16:32:00
BNB,BNB,4,EUR,689.7906632727511,91852528473.86073,0.1067835,2026-09-23 16:32:00
XRP,XRP,5,EUR,1.4019476508212172,88153360533.29988,4.02399087,2026-09-23 16:32:00
USDC,USDC,6,EUR,0.8760859040275762,65865145591.7382,-0.00127806,2026-09-23 16:32:00
Solana,SOL,7,EUR,102.96491343679337,60492597227.98587,0.34759141,2026-09-23 16:32:00
TRON,TRX,8,EUR,0.30043044312455675,28529857817.83426,-1.6375014,2026-09-23 16:32:00
Zcash,ZEC,9,EUR,1411.2021521338518,23825084676.12471,7.76101774,2026-09-23 16:32:00
Hyperliquid,HYPE,10,EUR,84.1166996459047,21141422053.920223,1.06565227,2026-09-23 16:32:00
Dogecoin,DOGE,11,EUR,0.08769030153844026,13682560334.064117,1.71804686,2026-09-23 16:32:00
Monero,XMR,12,EUR,498.5737459927065,9377351960.281347,0.19591329,2026-09-23 16:32:00
Chainlink,LINK,13,EUR,11.355635835284737,8495150832.532264,0.21640926,2026-09-23 16:32:00
Cardano,ADA,14,EUR,0.22339191607663147,8213534142.231457,2.68179931,2026-09-23 16:32:00
UNUS SED LEO,LEO,15,EUR,7.873506833538656,7242507082.818839,0.21338534,2026-09-23 16:32:00
Stellar,XLM,16,EUR,0.19050210786313046,6654758010.5935955,2.53067946,2026-09-23 16:32:00
Bitcoin Cash,BCH,17,EUR,313.72728935902245,6303798896.1176195,33.71818604,2026-09-23 16:32:00
Uniswap,UNI,18,EUR,8.953722670852493,5557328741.50035,16.03058815,2026-09-23 16:32:00
NEAR Protocol,NEAR,19,EUR,4.026244005724149,5262628015.596976,1.14076618,2026-09-23 16:32:00
Avalanche,AVAX,20,EUR,9.707880641425586,4299961684.590791,1.7452178,2026-09-23 16:32:00
Ethena USDe,USDe,21,EUR,0.8760067113473342,4287521090.028209,0.01873801,2026-09-23 16:32:00
Litecoin,LTC,22,EUR,55.0815582423176,4276604035.1826873,3.93186364,2026-09-23 16:32:00
Dai,DAI,23,EUR,0.8756901803610825,4040899621.5385623,-0.04826745,2026-09-23 16:32:00
Canton,CC,24,EUR,0.09908746279747589,3930346014.152401,-3.49668483,2026-09-23 16:32:00
World Liberty Financial USD,USD1,25,EUR,0.875655034191151,3829643084.540898,0.00624654,2026-09-23 16:32:00
Hedera,HBAR,26,EUR,0.08563195849264199,3753394863.0646615,2.67402565,2026-09-23 16:32:00
Sui,SUI,27,EUR,0.8963250577150592,3671828894.3052096,0.7045703,2026-09-23 16:32:00
Gram (prev. Toncoin),GRAM,28,EUR,1.2717398429788986,3575468030.7793236,1.56734249,2026-09-23 16:32:00
Shiba Inu,SHIB,29,EUR,5.363201713378e-06,3160207443.4576573,1.1555479,2026-09-23 16:32:00
Bittensor,TAO,30,EUR,271.7834133495061,3137305641.7070756,-2.62561292,2026-09-23 16:32:00
Cronos,CRO,31,EUR,0.05881551441618705,2925406946.6896777,1.40306953,2026-09-23 16:32:00
Global Dollar,USDG,32,EUR,0.8759856859304745,2863288764.0276027,-0.03746688,2026-09-23 16:32:00
MemeCore,M,33,EUR,1.1182291462898997,2547060268.6626596,-4.27857918,2026-09-23 16:32:00
PayPal USD,PYUSD,34,EUR,0.8759573786029997,2474524951.2011533,-1.769e-05,2026-09-23 16:32:00
Tether Gold,XAUt,35,EUR,3785.6753591058023,2357808180.958394,0.06986392,2026-09-23 16:32:00
OKB,OKB,36,EUR,108.74494735667008,2283643894.490072,0.9653873,2026-09-23 16:32:00
Ripple USD,RLUSD,37,EUR,0.8761792452247362,2126124476.2349644,-0.00065943,2026-09-23 16:32:00
Aave,AAVE,38,EUR,131.37668495814387,2027001282.6474855,6.00163287,2026-09-23 16:32:00
Mantle,MNT,39,EUR,0.5960623101960615,1968373218.6023853,5.20180823,2026-09-23 16:32:00
Ethena,ENA,40,EUR,0.18738130286365212,1891672809.0657132,1.49217342,2026-09-23 16:32:00
Ondo,ONDO,41,EUR,0.3838976986169906,1869324829.1884818,0.97118632,2026-09-23 16:32:00
Pump.fun,PUMP,42,EUR,0.003811860691796839,1779821752.1185737,-3.68127026,2026-09-23 16:32:00
Pepe,PEPE,43,EUR,4.297026016869e-06,1777990574.959954,-1.19832569,2026-09-23 16:32:00
Polkadot,DOT,44,EUR,1.0237538291583537,1744564608.0542102,-0.32036071,2026-09-23 16:32:00
Aster,ASTER,45,EUR,0.6362019865588192,1720626782.899981,0.14423132,2026-09-23 16:32:00
PAX Gold,PAXG,46,EUR,3782.386696906625,1644973680.1104004,0.03025138,2026-09-23 16:32:00
World Liberty Financial,WLFI,47,EUR,0.0509318228586924,1618501204.3977437,1.05784454,2026-09-23 16:32:00
Internet Computer,ICP,48,EUR,2.6959520737530562,1501396231.2222404,4.43649253,2026-09-23 16:32:00
Sky,SKY,49,EUR,0.06402389308734188,1499709845.076643,7.8108326,2026-09-23 16:32:00
Worldcoin,WLD,50,EUR,0.4000760741958354,1459622163.4280622,1.92774111,2026-09-23 16:32:00
Arbitrum,ARB,51,EUR,0.21148417008688486,1435041613.9010665,10.32469325,2026-09-23 16:32:00
Venice Token,VVV,52,EUR,27.69416345104188,1341003573.0994503,0.06446628,2026-09-23 16:32:00
USDD,USDD,53,EUR,0.8753177597815462,1326969739.853375,-0.06637302,2026-09-23 16:32:00
Ethereum Classic,ETC,54,EUR,8.328310254877472,1318016468.7924554,8.6026617,2026-09-23 16:32:00
Bitget Token,BGB,55,EUR,1.8470627342092087,1289359382.833904,0.48742823,2026-09-23 16:32:00
United Stables,U,56,EUR,0.875360084266327,1242511495.877877,-0.03915622,2026-09-23 16:32:00
Morpho,MORPHO,57,EUR,2.2766914376971443,1204375778.6386003,-0.38059396,2026-09-23 16:32:00
Lighter,LIT,58,EUR,4.643371503464472,1160842875.866118,10.27161438,2026-09-23 16:32:00
Polygon (prev. MATIC),POL,59,EUR,0.09618687913811727,1031059538.7228216,0.3782802,2026-09-23 16:32:00
GateToken,GT,60,EUR,9.63828618664879,1027806453.0051135,1.7296393,2026-09-23 16:32:00
Kaspa,KAS,61,EUR,0.0367506878516656,1018601685.7183301,-0.82187109,2026-09-23 16:32:00
Pi,PI,62,EUR,0.07977919155468252,896959242.1214377,1.76294256,2026-09-23 16:32:00
Algorand,ALGO,63,EUR,0.09749617337555529,882896319.2113596,0.85385147,2026-09-23 16:32:00
KuCoin Token,KCS,64,EUR,6.421288362094674,880711941.931387,-0.83093216,2026-09-23 16:32:00
Jupiter,JUP,65,EUR,0.2621215175458849,870078093.1445411,0.67744631,2026-09-23 16:32:00
Cosmos,ATOM,66,EUR,1.5953245395921256,848787576.1401019,3.0259221,2026-09-23 16:32:00
Render,RENDER,67,EUR,1.606865445113782,833603615.8631668,1.0463436,2026-09-23 16:32:00
JUST,JST,68,EUR,0.09852669801487383,806809812.2630433,-2.61064936,2026-09-23 16:32:00
Quant,QNT,69,EUR,66.10969498269102,798125026.7859433,12.07299132,2026-09-23 16:32:00
Filecoin,FIL,70,EUR,0.9068893802803133,753423908.8106066,5.52837858,2026-09-23 16:32:00
VeChain,VET,71,EUR,0.008542874318060563,734559400.0083733,7.39113469,2026-09-23 16:32:00
PancakeSwap,CAKE,72,EUR,2.301549421894098,734184280.4640132,4.55136319,2026-09-23 16:32:00
Injective,INJ,73,EUR,7.14264724352,714057262.5914884,6.09921139,2026-09-23 16:32:00
Dash,DASH,74,EUR,54.98618745399985,706087416.1634105,6.06300605,2026-09-23 16:32:00
Aptos,APT,75,EUR,0.7290508087865503,634762860.3384099,9.32138328,2026-09-23 16:32:00
Aerodrome Finance,AERO,76,EUR,0.6341817717822614,629508299.5538479,2.04885795,2026-09-23 16:32:00
Pudgy Penguins,PENGU,77,EUR,0.009692060741654074,609246777.1491019,21.35554392,2026-09-23 16:32:00
ether.fi,ETHFI,78,EUR,0.6210357639257649,599516874.7057371,1.5187804,2026-09-23 16:32:00
Stable,STABLE,79,EUR,0.02223427929171667,590853936.1389129,4.36777652,2026-09-23 16:32:00
XDC Network,XDC,80,EUR,0.027477168048230707,590147849.5585008,1.54014372,2026-09-23 16:32:00
